{"world":"flatbuild","x":512.2972307267014,"y":29.42039149268444,"z":-652.32851459159,"pitch":17.397854,"yaw":166.53423}