{"world":"monde","x":215.14164490905313,"y":82.4666200837953,"z":-65.76423543897997,"pitch":73.65,"yaw":-84.12744}