{"world":"flatbuild","x":333.6781231667774,"y":50.21589434553872,"z":-730.3221814798579,"pitch":38.087513,"yaw":-179.39258}