{"world":"monde","x":153.44991969209525,"y":64.0,"z":92.33274158620436,"pitch":44.700012,"yaw":109.94999}